analizador,grupo,clase,score_medio,tipo_analisis,categoria,agrupacion
cardiff,femenino,neutral,0.8075559802866175,promovido,sentiment,gender
cardiff,masculino,neutral,0.8140420186213958,promovido,sentiment,gender
cardiff,femenino,positive,0.7137692590554555,promovido,sentiment,gender
cardiff,masculino,positive,0.6528831757605076,promovido,sentiment,gender
cardiff,femenino,negative,0.6265729367733002,promovido,sentiment,gender
cardiff,masculino,negative,0.7017529904842377,promovido,sentiment,gender
stanza,femenino,neutral,1.0,promovido,sentiment,gender
stanza,femenino,negative,1.0,promovido,sentiment,gender
stanza,femenino,positive,1.0,promovido,sentiment,gender
stanza,masculino,neutral,1.0,promovido,sentiment,gender
stanza,masculino,negative,1.0,promovido,sentiment,gender
stanza,masculino,positive,1.0,promovido,sentiment,gender
beto,femenino,neutral,0.9073775894939899,promovido,sentiment,gender
beto,femenino,positive,0.9194274624468575,promovido,sentiment,gender
beto,femenino,negative,0.9341453828929384,promovido,sentiment,gender
beto,masculino,negative,0.9459843780649336,promovido,sentiment,gender
beto,masculino,neutral,0.9044444937232539,promovido,sentiment,gender
beto,masculino,positive,0.9166041299052861,promovido,sentiment,gender
cardiff,40-60,neutral,0.810922997487164,promovido,sentiment,age
cardiff,>60,neutral,0.8141988891821641,promovido,sentiment,age
cardiff,>60,positive,0.6182619482278824,promovido,sentiment,age
cardiff,40-60,positive,0.6997249356724999,promovido,sentiment,age
cardiff,<40,positive,0.6571346640586853,promovido,sentiment,age
cardiff,<40,neutral,0.8100842030680909,promovido,sentiment,age
cardiff,>60,negative,0.5813954472541809,promovido,sentiment,age
cardiff,40-60,negative,0.6917521357536316,promovido,sentiment,age
stanza,40-60,neutral,1.0,promovido,sentiment,age
stanza,40-60,negative,1.0,promovido,sentiment,age
stanza,40-60,positive,1.0,promovido,sentiment,age
stanza,>60,negative,1.0,promovido,sentiment,age
stanza,>60,positive,1.0,promovido,sentiment,age
stanza,>60,neutral,1.0,promovido,sentiment,age
stanza,<40,positive,1.0,promovido,sentiment,age
stanza,<40,neutral,1.0,promovido,sentiment,age
stanza,<40,negative,1.0,promovido,sentiment,age
beto,40-60,neutral,0.905190193339398,promovido,sentiment,age
beto,40-60,positive,0.9159278785114857,promovido,sentiment,age
beto,40-60,negative,0.9406319740433363,promovido,sentiment,age
beto,>60,negative,0.9398390720287959,promovido,sentiment,age
beto,>60,neutral,0.903497630641574,promovido,sentiment,age
beto,>60,positive,0.9038775247154813,promovido,sentiment,age
beto,<40,positive,0.9540279335097263,promovido,sentiment,age
beto,<40,negative,0.9646123775414058,promovido,sentiment,age
beto,<40,neutral,0.9152345912797111,promovido,sentiment,age
cardiff,40-60,optimism,0.5337388931538617,promovido,emotion,age
cardiff,40-60,anger,0.1653155529861932,promovido,emotion,age
cardiff,40-60,joy,0.25316648745900067,promovido,emotion,age
cardiff,40-60,sadness,0.17689949527838345,promovido,emotion,age
cardiff,>60,optimism,0.498908815830946,promovido,emotion,age
cardiff,>60,joy,0.2785796454332978,promovido,emotion,age
cardiff,>60,anger,0.17749826904010335,promovido,emotion,age
cardiff,>60,sadness,0.15929152755415998,promovido,emotion,age
cardiff,<40,optimism,0.5087535353947659,promovido,emotion,age
cardiff,<40,joy,0.24579078797250986,promovido,emotion,age
cardiff,<40,anger,0.17343771676330463,promovido,emotion,age
cardiff,<40,sadness,0.22771127078504788,promovido,emotion,age
t5,40-60,joy,1.0,promovido,emotion,age
t5,40-60,anger,1.0,promovido,emotion,age
t5,40-60,fear,1.0,promovido,emotion,age
t5,>60,joy,1.0,promovido,emotion,age
t5,40-60,sadness,1.0,promovido,emotion,age
t5,>60,fear,1.0,promovido,emotion,age
t5,>60,anger,1.0,promovido,emotion,age
t5,<40,joy,1.0,promovido,emotion,age
t5,<40,sadness,1.0,promovido,emotion,age
t5,>60,sadness,1.0,promovido,emotion,age
t5,40-60,True,1.0,promovido,emotion,age
t5,<40,fear,1.0,promovido,emotion,age
t5,<40,anger,1.0,promovido,emotion,age
t5,<40,love,1.0,promovido,emotion,age
cardiff,40-60,not hate,0.8052240413745428,promovido,hate,age
cardiff,40-60,hate,0.7257198049471929,promovido,hate,age
cardiff,>60,not hate,0.8037204528317868,promovido,hate,age
cardiff,>60,hate,0.7774735689163208,promovido,hate,age
cardiff,<40,not hate,0.8212297596037388,promovido,hate,age
cardiff,<40,hate,0.8386313815911611,promovido,hate,age
beto,40-60,not hate,0.6066896066376491,promovido,hate,age
beto,>60,not hate,0.5904566827747557,promovido,hate,age
beto,40-60,offensive,0.37914515733718873,promovido,hate,age
beto,>60,hate,0.4120030514895916,promovido,hate,age
beto,40-60,hate,0.4128092272979457,promovido,hate,age
beto,<40,not hate,0.5804930031299591,promovido,hate,age
beto,<40,hate,0.4171268840630849,promovido,hate,age
beto,>60,offensive,0.38796043395996094,promovido,hate,age
cardiff,40-60,neutral,0.810922997487164,promovido,sentiment,age
cardiff,>60,neutral,0.8141988891821641,promovido,sentiment,age
cardiff,>60,positive,0.6182619482278824,promovido,sentiment,age
cardiff,40-60,positive,0.6997249356724999,promovido,sentiment,age
cardiff,<40,positive,0.6571346640586853,promovido,sentiment,age
cardiff,<40,neutral,0.8100842030680909,promovido,sentiment,age
cardiff,>60,negative,0.5813954472541809,promovido,sentiment,age
cardiff,40-60,negative,0.6917521357536316,promovido,sentiment,age
stanza,40-60,neutral,1.0,promovido,sentiment,age
stanza,40-60,negative,1.0,promovido,sentiment,age
stanza,40-60,positive,1.0,promovido,sentiment,age
stanza,>60,negative,1.0,promovido,sentiment,age
stanza,>60,positive,1.0,promovido,sentiment,age
stanza,>60,neutral,1.0,promovido,sentiment,age
stanza,<40,positive,1.0,promovido,sentiment,age
stanza,<40,neutral,1.0,promovido,sentiment,age
stanza,<40,negative,1.0,promovido,sentiment,age
beto,40-60,neutral,0.905190193339398,promovido,sentiment,age
beto,40-60,positive,0.9159278785114857,promovido,sentiment,age
beto,40-60,negative,0.9406319740433363,promovido,sentiment,age
beto,>60,negative,0.9398390720287959,promovido,sentiment,age
beto,>60,neutral,0.903497630641574,promovido,sentiment,age
beto,>60,positive,0.9038775247154813,promovido,sentiment,age
beto,<40,positive,0.9540279335097263,promovido,sentiment,age
beto,<40,negative,0.9646123775414058,promovido,sentiment,age
beto,<40,neutral,0.9152345912797111,promovido,sentiment,age
cardiff,40-60,optimism,0.5337388931538617,promovido,emotion,age
cardiff,40-60,anger,0.1653155529861932,promovido,emotion,age
cardiff,40-60,joy,0.25316648745900067,promovido,emotion,age
cardiff,40-60,sadness,0.17689949527838345,promovido,emotion,age
cardiff,>60,optimism,0.498908815830946,promovido,emotion,age
cardiff,>60,joy,0.2785796454332978,promovido,emotion,age
cardiff,>60,anger,0.17749826904010335,promovido,emotion,age
cardiff,>60,sadness,0.15929152755415998,promovido,emotion,age
cardiff,<40,optimism,0.5087535353947659,promovido,emotion,age
cardiff,<40,joy,0.24579078797250986,promovido,emotion,age
cardiff,<40,anger,0.17343771676330463,promovido,emotion,age
cardiff,<40,sadness,0.22771127078504788,promovido,emotion,age
t5,40-60,joy,1.0,promovido,emotion,age
t5,40-60,anger,1.0,promovido,emotion,age
t5,40-60,fear,1.0,promovido,emotion,age
t5,>60,joy,1.0,promovido,emotion,age
t5,40-60,sadness,1.0,promovido,emotion,age
t5,>60,fear,1.0,promovido,emotion,age
t5,>60,anger,1.0,promovido,emotion,age
t5,<40,joy,1.0,promovido,emotion,age
t5,<40,sadness,1.0,promovido,emotion,age
t5,>60,sadness,1.0,promovido,emotion,age
t5,40-60,True,1.0,promovido,emotion,age
t5,<40,fear,1.0,promovido,emotion,age
t5,<40,anger,1.0,promovido,emotion,age
t5,<40,love,1.0,promovido,emotion,age
cardiff,40-60,not hate,0.8052240413745428,promovido,hate,age
cardiff,40-60,hate,0.7257198049471929,promovido,hate,age
cardiff,>60,not hate,0.8037204528317868,promovido,hate,age
cardiff,>60,hate,0.7774735689163208,promovido,hate,age
cardiff,<40,not hate,0.8212297596037388,promovido,hate,age
cardiff,<40,hate,0.8386313815911611,promovido,hate,age
beto,40-60,not hate,0.6066896066376491,promovido,hate,age
beto,>60,not hate,0.5904566827747557,promovido,hate,age
beto,40-60,offensive,0.37914515733718873,promovido,hate,age
beto,>60,hate,0.4120030514895916,promovido,hate,age
beto,40-60,hate,0.4128092272979457,promovido,hate,age
beto,<40,not hate,0.5804930031299591,promovido,hate,age
beto,<40,hate,0.4171268840630849,promovido,hate,age
beto,>60,offensive,0.38796043395996094,promovido,hate,age
cardiff,femenino,neutral,0.8075559802866175,promoted,sentiment,gender
cardiff,masculino,neutral,0.8140420186213958,promoted,sentiment,gender
cardiff,femenino,positive,0.7137692590554555,promoted,sentiment,gender
cardiff,masculino,positive,0.6528831757605076,promoted,sentiment,gender
cardiff,femenino,negative,0.6265729367733002,promoted,sentiment,gender
cardiff,masculino,negative,0.7017529904842377,promoted,sentiment,gender
cardiff,femenino,neutral,0.7975257540034767,received,sentiment,gender
cardiff,masculino,negative,0.6231910899281502,received,sentiment,gender
cardiff,masculino,neutral,0.806722910131228,received,sentiment,gender
cardiff,masculino,positive,0.7154702324834135,received,sentiment,gender
cardiff,femenino,positive,0.7521084477640179,received,sentiment,gender
cardiff,femenino,negative,0.6990481972694397,received,sentiment,gender
stanza,femenino,neutral,1.0,promoted,sentiment,gender
stanza,femenino,negative,1.0,promoted,sentiment,gender
stanza,femenino,positive,1.0,promoted,sentiment,gender
stanza,masculino,neutral,1.0,promoted,sentiment,gender
stanza,masculino,negative,1.0,promoted,sentiment,gender
stanza,masculino,positive,1.0,promoted,sentiment,gender
stanza,femenino,negative,1.0,received,sentiment,gender
stanza,femenino,neutral,1.0,received,sentiment,gender
stanza,masculino,neutral,1.0,received,sentiment,gender
stanza,masculino,negative,1.0,received,sentiment,gender
stanza,masculino,positive,1.0,received,sentiment,gender
stanza,femenino,positive,1.0,received,sentiment,gender
beto,femenino,neutral,0.9073775894939899,promoted,sentiment,gender
beto,femenino,positive,0.9194274624468575,promoted,sentiment,gender
beto,femenino,negative,0.9341453828929384,promoted,sentiment,gender
beto,masculino,negative,0.9459843780649336,promoted,sentiment,gender
beto,masculino,neutral,0.9044444937232539,promoted,sentiment,gender
beto,masculino,positive,0.9166041299052861,promoted,sentiment,gender
beto,femenino,negative,0.9613474939320539,received,sentiment,gender
beto,femenino,neutral,0.9111011404215746,received,sentiment,gender
beto,femenino,positive,0.9527323139672303,received,sentiment,gender
beto,masculino,negative,0.9631928196064679,received,sentiment,gender
beto,masculino,neutral,0.9309864622672838,received,sentiment,gender
beto,masculino,positive,0.9504609067958815,received,sentiment,gender
cardiff,femenino,optimism,0.5260964220033048,promoted,emotion,gender
cardiff,femenino,anger,0.16290318151769784,promoted,emotion,gender
cardiff,femenino,joy,0.2700308772314966,promoted,emotion,gender
cardiff,femenino,sadness,0.17573570796304336,promoted,emotion,gender
cardiff,masculino,optimism,0.5235446573717073,promoted,emotion,gender
cardiff,masculino,joy,0.24881564745379436,promoted,emotion,gender
cardiff,masculino,anger,0.1720697319691592,promoted,emotion,gender
cardiff,masculino,sadness,0.17729472106664765,promoted,emotion,gender
cardiff,femenino,joy,0.2938339572842116,received,emotion,gender
cardiff,femenino,sadness,0.19069944427941332,received,emotion,gender
cardiff,femenino,optimism,0.48197376148880655,received,emotion,gender
cardiff,femenino,anger,0.15538922204344316,received,emotion,gender
cardiff,masculino,sadness,0.18938897286231318,received,emotion,gender
cardiff,masculino,joy,0.31040371708474557,received,emotion,gender
cardiff,masculino,optimism,0.4664086904290366,received,emotion,gender
cardiff,masculino,anger,0.16653269109461566,received,emotion,gender
t5,femenino,joy,1.0,promoted,emotion,gender
t5,femenino,anger,1.0,promoted,emotion,gender
t5,femenino,fear,1.0,promoted,emotion,gender
t5,masculino,joy,1.0,promoted,emotion,gender
t5,masculino,anger,1.0,promoted,emotion,gender
t5,masculino,sadness,1.0,promoted,emotion,gender
t5,masculino,fear,1.0,promoted,emotion,gender
t5,femenino,sadness,1.0,promoted,emotion,gender
t5,masculino,True,1.0,promoted,emotion,gender
t5,masculino,love,1.0,promoted,emotion,gender
t5,femenino,joy,1.0,received,emotion,gender
t5,femenino,fear,1.0,received,emotion,gender
t5,femenino,sadness,1.0,received,emotion,gender
t5,masculino,sadness,1.0,received,emotion,gender
t5,masculino,joy,1.0,received,emotion,gender
t5,femenino,anger,1.0,received,emotion,gender
t5,masculino,anger,1.0,received,emotion,gender
t5,masculino,fear,1.0,received,emotion,gender
t5,masculino,love,1.0,received,emotion,gender
t5,femenino,Fal,1.0,received,emotion,gender
t5,femenino,love,1.0,received,emotion,gender
t5,femenino,surprise,1.0,received,emotion,gender
t5,masculino,True,1.0,received,emotion,gender
t5,femenino,positive,1.0,received,emotion,gender
cardiff,femenino,not hate,0.8065181103856283,promoted,hate,gender
cardiff,femenino,hate,0.7516837205205645,promoted,hate,gender
cardiff,masculino,not hate,0.8061222369880244,promoted,hate,gender
cardiff,masculino,hate,0.7516262206164274,promoted,hate,gender
cardiff,femenino,hate,0.7310539673465167,received,hate,gender
cardiff,femenino,not hate,0.8070766030545216,received,hate,gender
cardiff,masculino,not hate,0.7993738973692218,received,hate,gender
cardiff,masculino,hate,0.7376329975308112,received,hate,gender
beto,femenino,not hate,0.5831330285991653,promoted,hate,gender
beto,masculino,not hate,0.6124514511653355,promoted,hate,gender
beto,masculino,offensive,0.38125192125638324,promoted,hate,gender
beto,femenino,hate,0.4196858191490173,promoted,hate,gender
beto,masculino,hate,0.4066828853554196,promoted,hate,gender
beto,femenino,offensive,0.37997681895891827,promoted,hate,gender
beto,femenino,not hate,0.5959597586547557,received,hate,gender
beto,masculino,not hate,0.5956161497555117,received,hate,gender
beto,masculino,hate,0.4115409894058338,received,hate,gender
beto,masculino,offensive,0.3838163509964943,received,hate,gender
beto,femenino,hate,0.4071337009129459,received,hate,gender
beto,femenino,offensive,0.4187181137856983,received,hate,gender
cardiff,femenino,optimism,0.0441226605144982,promoted_vs_received,emotion,
cardiff,femenino,anger,0.007513959474254678,promoted_vs_received,emotion,
cardiff,femenino,joy,-0.023803080052714976,promoted_vs_received,emotion,
cardiff,femenino,sadness,-0.014963736316369963,promoted_vs_received,emotion,
cardiff,masculino,optimism,0.0571359669426707,promoted_vs_received,emotion,
cardiff,masculino,joy,-0.0615880696309512,promoted_vs_received,emotion,
cardiff,masculino,anger,0.005537040874543542,promoted_vs_received,emotion,
cardiff,masculino,sadness,-0.012094251795665534,promoted_vs_received,emotion,
t5,femenino,joy,0.0,promoted_vs_received,emotion,
t5,femenino,anger,0.0,promoted_vs_received,emotion,
t5,femenino,fear,0.0,promoted_vs_received,emotion,
t5,masculino,joy,0.0,promoted_vs_received,emotion,
t5,masculino,anger,0.0,promoted_vs_received,emotion,
t5,masculino,sadness,0.0,promoted_vs_received,emotion,
t5,masculino,fear,0.0,promoted_vs_received,emotion,
t5,femenino,sadness,0.0,promoted_vs_received,emotion,
t5,masculino,True,0.0,promoted_vs_received,emotion,
t5,masculino,love,0.0,promoted_vs_received,emotion,
cardiff,femenino,neutral,0.010030226283140764,promoted_vs_received,sentiment,
cardiff,masculino,neutral,0.007319108490167814,promoted_vs_received,sentiment,
cardiff,femenino,positive,-0.038339188708562344,promoted_vs_received,sentiment,
cardiff,masculino,positive,-0.06258705672290588,promoted_vs_received,sentiment,
cardiff,femenino,negative,-0.0724752604961395,promoted_vs_received,sentiment,
cardiff,masculino,negative,0.07856190055608747,promoted_vs_received,sentiment,
stanza,femenino,neutral,0.0,promoted_vs_received,sentiment,
stanza,femenino,negative,0.0,promoted_vs_received,sentiment,
stanza,femenino,positive,0.0,promoted_vs_received,sentiment,
stanza,masculino,neutral,0.0,promoted_vs_received,sentiment,
stanza,masculino,negative,0.0,promoted_vs_received,sentiment,
stanza,masculino,positive,0.0,promoted_vs_received,sentiment,
beto,femenino,neutral,-0.0037235509275846956,promoted_vs_received,sentiment,
beto,femenino,positive,-0.03330485152037288,promoted_vs_received,sentiment,
beto,femenino,negative,-0.027202111039115517,promoted_vs_received,sentiment,
beto,masculino,negative,-0.017208441541534225,promoted_vs_received,sentiment,
beto,masculino,neutral,-0.026541968544029904,promoted_vs_received,sentiment,
beto,masculino,positive,-0.03385677689059541,promoted_vs_received,sentiment,
cardiff,femenino,not hate,-0.0005584926688932956,promoted_vs_received,hate,
cardiff,femenino,hate,0.020629753174047805,promoted_vs_received,hate,
cardiff,masculino,not hate,0.006748339618802612,promoted_vs_received,hate,
cardiff,masculino,hate,0.013993223085616124,promoted_vs_received,hate,
beto,femenino,not hate,-0.01282673005559043,promoted_vs_received,hate,
beto,masculino,not hate,0.01683530140982381,promoted_vs_received,hate,
beto,masculino,offensive,-0.0025644297401110627,promoted_vs_received,hate,
beto,femenino,hate,0.012552118236071441,promoted_vs_received,hate,
beto,masculino,hate,-0.004858104050414203,promoted_vs_received,hate,
beto,femenino,offensive,-0.038741294826780015,promoted_vs_received,hate,
cardiff,femenino,neutral,0.8075559802866175,promoted,sentiment,gender
cardiff,masculino,neutral,0.8140420186213958,promoted,sentiment,gender
cardiff,femenino,positive,0.7137692590554555,promoted,sentiment,gender
cardiff,masculino,positive,0.6528831757605076,promoted,sentiment,gender
cardiff,femenino,negative,0.6265729367733002,promoted,sentiment,gender
cardiff,masculino,negative,0.7017529904842377,promoted,sentiment,gender
cardiff,femenino,neutral,0.7975257540034767,received,sentiment,gender
cardiff,masculino,negative,0.6231910899281502,received,sentiment,gender
cardiff,masculino,neutral,0.806722910131228,received,sentiment,gender
cardiff,masculino,positive,0.7154702324834135,received,sentiment,gender
cardiff,femenino,positive,0.7521084477640179,received,sentiment,gender
cardiff,femenino,negative,0.6990481972694397,received,sentiment,gender
stanza,femenino,neutral,1.0,promoted,sentiment,gender
stanza,femenino,negative,1.0,promoted,sentiment,gender
stanza,femenino,positive,1.0,promoted,sentiment,gender
stanza,masculino,neutral,1.0,promoted,sentiment,gender
stanza,masculino,negative,1.0,promoted,sentiment,gender
stanza,masculino,positive,1.0,promoted,sentiment,gender
stanza,femenino,negative,1.0,received,sentiment,gender
stanza,femenino,neutral,1.0,received,sentiment,gender
stanza,masculino,neutral,1.0,received,sentiment,gender
stanza,masculino,negative,1.0,received,sentiment,gender
stanza,masculino,positive,1.0,received,sentiment,gender
stanza,femenino,positive,1.0,received,sentiment,gender
beto,femenino,neutral,0.9073775894939899,promoted,sentiment,gender
beto,femenino,positive,0.9194274624468575,promoted,sentiment,gender
beto,femenino,negative,0.9341453828929384,promoted,sentiment,gender
beto,masculino,negative,0.9459843780649336,promoted,sentiment,gender
beto,masculino,neutral,0.9044444937232539,promoted,sentiment,gender
beto,masculino,positive,0.9166041299052861,promoted,sentiment,gender
beto,femenino,negative,0.9613474939320539,received,sentiment,gender
beto,femenino,neutral,0.9111011404215746,received,sentiment,gender
beto,femenino,positive,0.9527323139672303,received,sentiment,gender
beto,masculino,negative,0.9631928196064679,received,sentiment,gender
beto,masculino,neutral,0.9309864622672838,received,sentiment,gender
beto,masculino,positive,0.9504609067958815,received,sentiment,gender
cardiff,femenino,optimism,0.5260964220033048,promoted,emotion,gender
cardiff,femenino,anger,0.16290318151769784,promoted,emotion,gender
cardiff,femenino,joy,0.2700308772314966,promoted,emotion,gender
cardiff,femenino,sadness,0.17573570796304336,promoted,emotion,gender
cardiff,masculino,optimism,0.5235446573717073,promoted,emotion,gender
cardiff,masculino,joy,0.24881564745379436,promoted,emotion,gender
cardiff,masculino,anger,0.1720697319691592,promoted,emotion,gender
cardiff,masculino,sadness,0.17729472106664765,promoted,emotion,gender
cardiff,femenino,joy,0.2938339572842116,received,emotion,gender
cardiff,femenino,sadness,0.19069944427941332,received,emotion,gender
cardiff,femenino,optimism,0.48197376148880655,received,emotion,gender
cardiff,femenino,anger,0.15538922204344316,received,emotion,gender
cardiff,masculino,sadness,0.18938897286231318,received,emotion,gender
cardiff,masculino,joy,0.31040371708474557,received,emotion,gender
cardiff,masculino,optimism,0.4664086904290366,received,emotion,gender
cardiff,masculino,anger,0.16653269109461566,received,emotion,gender
t5,femenino,joy,1.0,promoted,emotion,gender
t5,femenino,anger,1.0,promoted,emotion,gender
t5,femenino,fear,1.0,promoted,emotion,gender
t5,masculino,joy,1.0,promoted,emotion,gender
t5,masculino,anger,1.0,promoted,emotion,gender
t5,masculino,sadness,1.0,promoted,emotion,gender
t5,masculino,fear,1.0,promoted,emotion,gender
t5,femenino,sadness,1.0,promoted,emotion,gender
t5,masculino,True,1.0,promoted,emotion,gender
t5,masculino,love,1.0,promoted,emotion,gender
t5,femenino,joy,1.0,received,emotion,gender
t5,femenino,fear,1.0,received,emotion,gender
t5,femenino,sadness,1.0,received,emotion,gender
t5,masculino,sadness,1.0,received,emotion,gender
t5,masculino,joy,1.0,received,emotion,gender
t5,femenino,anger,1.0,received,emotion,gender
t5,masculino,anger,1.0,received,emotion,gender
t5,masculino,fear,1.0,received,emotion,gender
t5,masculino,love,1.0,received,emotion,gender
t5,femenino,Fal,1.0,received,emotion,gender
t5,femenino,love,1.0,received,emotion,gender
t5,femenino,surprise,1.0,received,emotion,gender
t5,masculino,True,1.0,received,emotion,gender
t5,femenino,positive,1.0,received,emotion,gender
cardiff,femenino,not hate,0.8065181103856283,promoted,hate,gender
cardiff,femenino,hate,0.7516837205205645,promoted,hate,gender
cardiff,masculino,not hate,0.8061222369880244,promoted,hate,gender
cardiff,masculino,hate,0.7516262206164274,promoted,hate,gender
cardiff,femenino,hate,0.7310539673465167,received,hate,gender
cardiff,femenino,not hate,0.8070766030545216,received,hate,gender
cardiff,masculino,not hate,0.7993738973692218,received,hate,gender
cardiff,masculino,hate,0.7376329975308112,received,hate,gender
beto,femenino,not hate,0.5831330285991653,promoted,hate,gender
beto,masculino,not hate,0.6124514511653355,promoted,hate,gender
beto,masculino,offensive,0.38125192125638324,promoted,hate,gender
beto,femenino,hate,0.4196858191490173,promoted,hate,gender
beto,masculino,hate,0.4066828853554196,promoted,hate,gender
beto,femenino,offensive,0.37997681895891827,promoted,hate,gender
beto,femenino,not hate,0.5959597586547557,received,hate,gender
beto,masculino,not hate,0.5956161497555117,received,hate,gender
beto,masculino,hate,0.4115409894058338,received,hate,gender
beto,masculino,offensive,0.3838163509964943,received,hate,gender
beto,femenino,hate,0.4071337009129459,received,hate,gender
beto,femenino,offensive,0.4187181137856983,received,hate,gender
cardiff,femenino,optimism,0.0441226605144982,promoted_vs_received,emotion,
cardiff,femenino,anger,0.007513959474254678,promoted_vs_received,emotion,
cardiff,femenino,joy,-0.023803080052714976,promoted_vs_received,emotion,
cardiff,femenino,sadness,-0.014963736316369963,promoted_vs_received,emotion,
cardiff,masculino,optimism,0.0571359669426707,promoted_vs_received,emotion,
cardiff,masculino,joy,-0.0615880696309512,promoted_vs_received,emotion,
cardiff,masculino,anger,0.005537040874543542,promoted_vs_received,emotion,
cardiff,masculino,sadness,-0.012094251795665534,promoted_vs_received,emotion,
t5,femenino,joy,0.0,promoted_vs_received,emotion,
t5,femenino,anger,0.0,promoted_vs_received,emotion,
t5,femenino,fear,0.0,promoted_vs_received,emotion,
t5,masculino,joy,0.0,promoted_vs_received,emotion,
t5,masculino,anger,0.0,promoted_vs_received,emotion,
t5,masculino,sadness,0.0,promoted_vs_received,emotion,
t5,masculino,fear,0.0,promoted_vs_received,emotion,
t5,femenino,sadness,0.0,promoted_vs_received,emotion,
t5,masculino,True,0.0,promoted_vs_received,emotion,
t5,masculino,love,0.0,promoted_vs_received,emotion,
cardiff,femenino,neutral,0.010030226283140764,promoted_vs_received,sentiment,
cardiff,masculino,neutral,0.007319108490167814,promoted_vs_received,sentiment,
cardiff,femenino,positive,-0.038339188708562344,promoted_vs_received,sentiment,
cardiff,masculino,positive,-0.06258705672290588,promoted_vs_received,sentiment,
cardiff,femenino,negative,-0.0724752604961395,promoted_vs_received,sentiment,
cardiff,masculino,negative,0.07856190055608747,promoted_vs_received,sentiment,
stanza,femenino,neutral,0.0,promoted_vs_received,sentiment,
stanza,femenino,negative,0.0,promoted_vs_received,sentiment,
stanza,femenino,positive,0.0,promoted_vs_received,sentiment,
stanza,masculino,neutral,0.0,promoted_vs_received,sentiment,
stanza,masculino,negative,0.0,promoted_vs_received,sentiment,
stanza,masculino,positive,0.0,promoted_vs_received,sentiment,
beto,femenino,neutral,-0.0037235509275846956,promoted_vs_received,sentiment,
beto,femenino,positive,-0.03330485152037288,promoted_vs_received,sentiment,
beto,femenino,negative,-0.027202111039115517,promoted_vs_received,sentiment,
beto,masculino,negative,-0.017208441541534225,promoted_vs_received,sentiment,
beto,masculino,neutral,-0.026541968544029904,promoted_vs_received,sentiment,
beto,masculino,positive,-0.03385677689059541,promoted_vs_received,sentiment,
cardiff,femenino,not hate,-0.0005584926688932956,promoted_vs_received,hate,
cardiff,femenino,hate,0.020629753174047805,promoted_vs_received,hate,
cardiff,masculino,not hate,0.006748339618802612,promoted_vs_received,hate,
cardiff,masculino,hate,0.013993223085616124,promoted_vs_received,hate,
beto,femenino,not hate,-0.01282673005559043,promoted_vs_received,hate,
beto,masculino,not hate,0.01683530140982381,promoted_vs_received,hate,
beto,masculino,offensive,-0.0025644297401110627,promoted_vs_received,hate,
beto,femenino,hate,0.012552118236071441,promoted_vs_received,hate,
beto,masculino,hate,-0.004858104050414203,promoted_vs_received,hate,
beto,femenino,offensive,-0.038741294826780015,promoted_vs_received,hate,
cardiff,40-60,neutral,0.810922997487164,promoted,sentiment,age
cardiff,>60,neutral,0.8141988891821641,promoted,sentiment,age
cardiff,>60,positive,0.6182619482278824,promoted,sentiment,age
cardiff,40-60,positive,0.6997249356724999,promoted,sentiment,age
cardiff,<40,positive,0.6571346640586853,promoted,sentiment,age
cardiff,<40,neutral,0.8100842030680909,promoted,sentiment,age
cardiff,>60,negative,0.5813954472541809,promoted,sentiment,age
cardiff,40-60,negative,0.6917521357536316,promoted,sentiment,age
cardiff,40-60,neutral,0.801361055004324,received,sentiment,age
cardiff,40-60,negative,0.6496328929295907,received,sentiment,age
cardiff,>60,neutral,0.8089194561777673,received,sentiment,age
cardiff,40-60,positive,0.7457099637938934,received,sentiment,age
cardiff,<40,neutral,0.8062568361661873,received,sentiment,age
cardiff,<40,positive,0.742227730543717,received,sentiment,age
cardiff,<40,negative,0.6394000947475433,received,sentiment,age
cardiff,>60,positive,0.6599162817001343,received,sentiment,age
cardiff,>60,negative,0.6425241827964783,received,sentiment,age
stanza,40-60,neutral,1.0,promoted,sentiment,age
stanza,40-60,negative,1.0,promoted,sentiment,age
stanza,40-60,positive,1.0,promoted,sentiment,age
stanza,>60,negative,1.0,promoted,sentiment,age
stanza,>60,positive,1.0,promoted,sentiment,age
stanza,>60,neutral,1.0,promoted,sentiment,age
stanza,<40,positive,1.0,promoted,sentiment,age
stanza,<40,neutral,1.0,promoted,sentiment,age
stanza,<40,negative,1.0,promoted,sentiment,age
stanza,40-60,negative,1.0,received,sentiment,age
stanza,40-60,neutral,1.0,received,sentiment,age
stanza,>60,neutral,1.0,received,sentiment,age
stanza,>60,negative,1.0,received,sentiment,age
stanza,40-60,positive,1.0,received,sentiment,age
stanza,<40,positive,1.0,received,sentiment,age
stanza,>60,positive,1.0,received,sentiment,age
stanza,<40,neutral,1.0,received,sentiment,age
stanza,<40,negative,1.0,received,sentiment,age
beto,40-60,neutral,0.905190193339398,promoted,sentiment,age
beto,40-60,positive,0.9159278785114857,promoted,sentiment,age
beto,40-60,negative,0.9406319740433363,promoted,sentiment,age
beto,>60,negative,0.9398390720287959,promoted,sentiment,age
beto,>60,neutral,0.903497630641574,promoted,sentiment,age
beto,>60,positive,0.9038775247154813,promoted,sentiment,age
beto,<40,positive,0.9540279335097263,promoted,sentiment,age
beto,<40,negative,0.9646123775414058,promoted,sentiment,age
beto,<40,neutral,0.9152345912797111,promoted,sentiment,age
beto,40-60,negative,0.9619430269294889,received,sentiment,age
beto,40-60,neutral,0.9212110732405331,received,sentiment,age
beto,40-60,positive,0.9516139586969298,received,sentiment,age
beto,>60,negative,0.9695177264073316,received,sentiment,age
beto,>60,neutral,0.9306362607540228,received,sentiment,age
beto,<40,negative,0.9565175566673279,received,sentiment,age
beto,>60,positive,0.9621188553242848,received,sentiment,age
beto,<40,positive,0.9415220457410055,received,sentiment,age
beto,<40,neutral,0.9268948409292433,received,sentiment,age
cardiff,40-60,optimism,0.5337388931538617,promoted,emotion,age
cardiff,40-60,anger,0.1653155529861932,promoted,emotion,age
cardiff,40-60,joy,0.25316648745900067,promoted,emotion,age
cardiff,40-60,sadness,0.17689949527838345,promoted,emotion,age
cardiff,>60,optimism,0.498908815830946,promoted,emotion,age
cardiff,>60,joy,0.2785796454332978,promoted,emotion,age
cardiff,>60,anger,0.17749826904010335,promoted,emotion,age
cardiff,>60,sadness,0.15929152755415998,promoted,emotion,age
cardiff,<40,optimism,0.5087535353947659,promoted,emotion,age
cardiff,<40,joy,0.24579078797250986,promoted,emotion,age
cardiff,<40,anger,0.17343771676330463,promoted,emotion,age
cardiff,<40,sadness,0.22771127078504788,promoted,emotion,age
cardiff,40-60,joy,0.30324138663522276,received,emotion,age
cardiff,40-60,sadness,0.1917826760933237,received,emotion,age
cardiff,40-60,optimism,0.47819688322655,received,emotion,age
cardiff,40-60,anger,0.16061680637954917,received,emotion,age
cardiff,>60,joy,0.31761191779447867,received,emotion,age
cardiff,>60,anger,0.16934279532238058,received,emotion,age
cardiff,>60,optimism,0.4562174700155944,received,emotion,age
cardiff,>60,sadness,0.18063771024502384,received,emotion,age
cardiff,<40,optimism,0.4637066265456824,received,emotion,age
cardiff,<40,joy,0.2907568720998023,received,emotion,age
cardiff,<40,anger,0.16147774525108885,received,emotion,age
cardiff,<40,sadness,0.19096198522287314,received,emotion,age
t5,40-60,joy,1.0,promoted,emotion,age
t5,40-60,anger,1.0,promoted,emotion,age
t5,40-60,fear,1.0,promoted,emotion,age
t5,>60,joy,1.0,promoted,emotion,age
t5,40-60,sadness,1.0,promoted,emotion,age
t5,>60,fear,1.0,promoted,emotion,age
t5,>60,anger,1.0,promoted,emotion,age
t5,<40,joy,1.0,promoted,emotion,age
t5,<40,sadness,1.0,promoted,emotion,age
t5,>60,sadness,1.0,promoted,emotion,age
t5,40-60,True,1.0,promoted,emotion,age
t5,<40,fear,1.0,promoted,emotion,age
t5,<40,anger,1.0,promoted,emotion,age
t5,<40,love,1.0,promoted,emotion,age
t5,40-60,joy,1.0,received,emotion,age
t5,40-60,fear,1.0,received,emotion,age
t5,40-60,sadness,1.0,received,emotion,age
t5,>60,anger,1.0,received,emotion,age
t5,>60,fear,1.0,received,emotion,age
t5,>60,sadness,1.0,received,emotion,age
t5,>60,joy,1.0,received,emotion,age
t5,40-60,anger,1.0,received,emotion,age
t5,<40,joy,1.0,received,emotion,age
t5,<40,sadness,1.0,received,emotion,age
t5,<40,anger,1.0,received,emotion,age
t5,<40,fear,1.0,received,emotion,age
t5,<40,love,1.0,received,emotion,age
t5,40-60,Fal,1.0,received,emotion,age
t5,<40,surprise,1.0,received,emotion,age
t5,40-60,True,1.0,received,emotion,age
t5,<40,positive,1.0,received,emotion,age
t5,>60,love,1.0,received,emotion,age
cardiff,40-60,not hate,0.8052240413745428,promoted,hate,age
cardiff,40-60,hate,0.7257198049471929,promoted,hate,age
cardiff,>60,not hate,0.8037204528317868,promoted,hate,age
cardiff,>60,hate,0.7774735689163208,promoted,hate,age
cardiff,<40,not hate,0.8212297596037388,promoted,hate,age
cardiff,<40,hate,0.8386313815911611,promoted,hate,age
cardiff,40-60,hate,0.7302745384174388,received,hate,age
cardiff,40-60,not hate,0.80003028583953,received,hate,age
cardiff,>60,not hate,0.8085238562944608,received,hate,age
cardiff,<40,hate,0.7251033569281956,received,hate,age
cardiff,>60,hate,0.7644599886501536,received,hate,age
cardiff,<40,not hate,0.808674637623097,received,hate,age
beto,40-60,not hate,0.6066896066376491,promoted,hate,age
beto,>60,not hate,0.5904566827747557,promoted,hate,age
beto,40-60,offensive,0.37914515733718873,promoted,hate,age
beto,>60,hate,0.4120030514895916,promoted,hate,age
beto,40-60,hate,0.4128092272979457,promoted,hate,age
beto,<40,not hate,0.5804930031299591,promoted,hate,age
beto,<40,hate,0.4171268840630849,promoted,hate,age
beto,>60,offensive,0.38796043395996094,promoted,hate,age
beto,40-60,not hate,0.592035446700694,received,hate,age
beto,>60,not hate,0.5985458609130647,received,hate,age
beto,40-60,hate,0.40326926043400396,received,hate,age
beto,40-60,offensive,0.4080071044819696,received,hate,age
beto,<40,not hate,0.6134966713877824,received,hate,age
beto,<40,offensive,0.3928296608584268,received,hate,age
beto,<40,hate,0.4101451499895616,received,hate,age
beto,>60,offensive,0.38256680965423584,received,hate,age
beto,>60,hate,0.4329006266262796,received,hate,age
cardiff,40-60,optimism,0.055542009927311675,promoted_vs_received,emotion,
cardiff,40-60,anger,0.0046987466066440164,promoted_vs_received,emotion,
cardiff,40-60,joy,-0.0500748991762221,promoted_vs_received,emotion,
cardiff,40-60,sadness,-0.01488318081494025,promoted_vs_received,emotion,
cardiff,>60,optimism,0.04269134581535161,promoted_vs_received,emotion,
cardiff,>60,joy,-0.0390322723611809,promoted_vs_received,emotion,
cardiff,>60,anger,0.008155473717722767,promoted_vs_received,emotion,
cardiff,>60,sadness,-0.021346182690863857,promoted_vs_received,emotion,
cardiff,<40,optimism,0.04504690884908347,promoted_vs_received,emotion,
cardiff,<40,joy,-0.044966084127292416,promoted_vs_received,emotion,
cardiff,<40,anger,0.011959971512215783,promoted_vs_received,emotion,
cardiff,<40,sadness,0.036749285562174744,promoted_vs_received,emotion,
t5,40-60,joy,0.0,promoted_vs_received,emotion,
t5,40-60,anger,0.0,promoted_vs_received,emotion,
t5,40-60,fear,0.0,promoted_vs_received,emotion,
t5,>60,joy,0.0,promoted_vs_received,emotion,
t5,40-60,sadness,0.0,promoted_vs_received,emotion,
t5,>60,fear,0.0,promoted_vs_received,emotion,
t5,>60,anger,0.0,promoted_vs_received,emotion,
t5,<40,joy,0.0,promoted_vs_received,emotion,
t5,<40,sadness,0.0,promoted_vs_received,emotion,
t5,>60,sadness,0.0,promoted_vs_received,emotion,
t5,40-60,True,0.0,promoted_vs_received,emotion,
t5,<40,fear,0.0,promoted_vs_received,emotion,
t5,<40,anger,0.0,promoted_vs_received,emotion,
t5,<40,love,0.0,promoted_vs_received,emotion,
cardiff,40-60,neutral,0.009561942482840036,promoted_vs_received,sentiment,
cardiff,>60,neutral,0.005279433004396816,promoted_vs_received,sentiment,
cardiff,>60,positive,-0.04165433347225189,promoted_vs_received,sentiment,
cardiff,40-60,positive,-0.04598502812139349,promoted_vs_received,sentiment,
cardiff,<40,positive,-0.08509306648503179,promoted_vs_received,sentiment,
cardiff,<40,neutral,0.0038273669019036616,promoted_vs_received,sentiment,
cardiff,>60,negative,-0.06112873554229736,promoted_vs_received,sentiment,
cardiff,40-60,negative,0.04211924282404089,promoted_vs_received,sentiment,
stanza,40-60,neutral,0.0,promoted_vs_received,sentiment,
stanza,40-60,negative,0.0,promoted_vs_received,sentiment,
stanza,40-60,positive,0.0,promoted_vs_received,sentiment,
stanza,>60,negative,0.0,promoted_vs_received,sentiment,
stanza,>60,positive,0.0,promoted_vs_received,sentiment,
stanza,>60,neutral,0.0,promoted_vs_received,sentiment,
stanza,<40,positive,0.0,promoted_vs_received,sentiment,
stanza,<40,neutral,0.0,promoted_vs_received,sentiment,
stanza,<40,negative,0.0,promoted_vs_received,sentiment,
beto,40-60,neutral,-0.0160208799011351,promoted_vs_received,sentiment,
beto,40-60,positive,-0.03568608018544406,promoted_vs_received,sentiment,
beto,40-60,negative,-0.021311052886152537,promoted_vs_received,sentiment,
beto,>60,negative,-0.029678654378535674,promoted_vs_received,sentiment,
beto,>60,neutral,-0.02713863011244888,promoted_vs_received,sentiment,
beto,>60,positive,-0.05824133060880343,promoted_vs_received,sentiment,
beto,<40,positive,0.012505887768720747,promoted_vs_received,sentiment,
beto,<40,negative,0.00809482087407798,promoted_vs_received,sentiment,
beto,<40,neutral,-0.011660249649532273,promoted_vs_received,sentiment,
cardiff,40-60,not hate,0.0051937555350128894,promoted_vs_received,hate,
cardiff,40-60,hate,-0.004554733470245931,promoted_vs_received,hate,
cardiff,>60,not hate,-0.004803403462673939,promoted_vs_received,hate,
cardiff,>60,hate,0.013013580266167168,promoted_vs_received,hate,
cardiff,<40,not hate,0.012555121980641792,promoted_vs_received,hate,
cardiff,<40,hate,0.11352802466296552,promoted_vs_received,hate,
beto,40-60,not hate,0.01465415993695518,promoted_vs_received,hate,
beto,>60,not hate,-0.008089178138309006,promoted_vs_received,hate,
beto,40-60,offensive,-0.028861947144780853,promoted_vs_received,hate,
beto,>60,hate,-0.020897575136687996,promoted_vs_received,hate,
beto,40-60,hate,0.009539966863941762,promoted_vs_received,hate,
beto,<40,not hate,-0.033003668257823304,promoted_vs_received,hate,
beto,<40,hate,0.006981734073523316,promoted_vs_received,hate,
beto,>60,offensive,0.005393624305725098,promoted_vs_received,hate,
cardiff,izquierda,neutral,0.8174026620003485,promoted,sentiment,ideologia
cardiff,derecha,neutral,0.8059568476239476,promoted,sentiment,ideologia
cardiff,izquierda,positive,0.6044549733400345,promoted,sentiment,ideologia
cardiff,derecha,positive,0.7194342840285528,promoted,sentiment,ideologia
cardiff,derecha,negative,0.5775299668312073,promoted,sentiment,ideologia
cardiff,izquierda,negative,0.7507959604263306,promoted,sentiment,ideologia
cardiff,izquierda,neutral,0.8043935992227399,received,sentiment,ideologia
cardiff,derecha,negative,0.6324353656348061,received,sentiment,ideologia
cardiff,derecha,neutral,0.8024960366166627,received,sentiment,ideologia
cardiff,derecha,positive,0.7358489413306398,received,sentiment,ideologia
cardiff,izquierda,negative,0.6694540427281306,received,sentiment,ideologia
cardiff,izquierda,positive,0.7286611703725961,received,sentiment,ideologia
stanza,izquierda,neutral,1.0,promoted,sentiment,ideologia
stanza,izquierda,negative,1.0,promoted,sentiment,ideologia
stanza,izquierda,positive,1.0,promoted,sentiment,ideologia
stanza,derecha,neutral,1.0,promoted,sentiment,ideologia
stanza,derecha,negative,1.0,promoted,sentiment,ideologia
stanza,derecha,positive,1.0,promoted,sentiment,ideologia
stanza,izquierda,negative,1.0,received,sentiment,ideologia
stanza,izquierda,neutral,1.0,received,sentiment,ideologia
stanza,derecha,neutral,1.0,received,sentiment,ideologia
stanza,derecha,negative,1.0,received,sentiment,ideologia
stanza,derecha,positive,1.0,received,sentiment,ideologia
stanza,izquierda,positive,1.0,received,sentiment,ideologia
beto,izquierda,neutral,0.8945565021131188,promoted,sentiment,ideologia
beto,izquierda,positive,0.9212177370723925,promoted,sentiment,ideologia
beto,izquierda,negative,0.9361774518032266,promoted,sentiment,ideologia
beto,derecha,negative,0.9460733862065557,promoted,sentiment,ideologia
beto,derecha,neutral,0.9171978509426117,promoted,sentiment,ideologia
beto,derecha,positive,0.9139905467138185,promoted,sentiment,ideologia
beto,izquierda,negative,0.9605827115302862,received,sentiment,ideologia
beto,izquierda,neutral,0.915234914268972,received,sentiment,ideologia
beto,izquierda,positive,0.9507472904828879,received,sentiment,ideologia
beto,derecha,negative,0.9639205943965754,received,sentiment,ideologia
beto,derecha,neutral,0.9285308088480655,received,sentiment,ideologia
beto,derecha,positive,0.951916275735487,received,sentiment,ideologia
cardiff,izquierda,optimism,0.524117900648902,promoted,emotion,ideologia
cardiff,izquierda,anger,0.18522482752954042,promoted,emotion,ideologia
cardiff,izquierda,joy,0.24836937450773774,promoted,emotion,ideologia
cardiff,izquierda,sadness,0.18115792684035287,promoted,emotion,ideologia
cardiff,derecha,optimism,0.5249013766192293,promoted,emotion,ideologia
cardiff,derecha,joy,0.2647938807449434,promoted,emotion,ideologia
cardiff,derecha,anger,0.15224525682289491,promoted,emotion,ideologia
cardiff,derecha,sadness,0.17158936410632036,promoted,emotion,ideologia
cardiff,izquierda,joy,0.32368579601274233,received,emotion,ideologia
cardiff,izquierda,sadness,0.1945824663863223,received,emotion,ideologia
cardiff,izquierda,optimism,0.45716704091183463,received,emotion,ideologia
cardiff,izquierda,anger,0.1665484129725404,received,emotion,ideologia
cardiff,derecha,sadness,0.18675552464397202,received,emotion,ideologia
cardiff,derecha,joy,0.29184557234072195,received,emotion,ideologia
cardiff,derecha,optimism,0.48126911411379397,received,emotion,ideologia
cardiff,derecha,anger,0.15942254176128778,received,emotion,ideologia
t5,izquierda,joy,1.0,promoted,emotion,ideologia
t5,izquierda,anger,1.0,promoted,emotion,ideologia
t5,izquierda,fear,1.0,promoted,emotion,ideologia
t5,derecha,joy,1.0,promoted,emotion,ideologia
t5,derecha,anger,1.0,promoted,emotion,ideologia
t5,derecha,sadness,1.0,promoted,emotion,ideologia
t5,derecha,fear,1.0,promoted,emotion,ideologia
t5,izquierda,sadness,1.0,promoted,emotion,ideologia
t5,izquierda,True,1.0,promoted,emotion,ideologia
t5,izquierda,love,1.0,promoted,emotion,ideologia
t5,izquierda,joy,1.0,received,emotion,ideologia
t5,izquierda,fear,1.0,received,emotion,ideologia
t5,izquierda,sadness,1.0,received,emotion,ideologia
t5,derecha,sadness,1.0,received,emotion,ideologia
t5,derecha,joy,1.0,received,emotion,ideologia
t5,izquierda,anger,1.0,received,emotion,ideologia
t5,derecha,anger,1.0,received,emotion,ideologia
t5,derecha,fear,1.0,received,emotion,ideologia
t5,izquierda,love,1.0,received,emotion,ideologia
t5,derecha,Fal,1.0,received,emotion,ideologia
t5,izquierda,surprise,1.0,received,emotion,ideologia
t5,izquierda,True,1.0,received,emotion,ideologia
t5,izquierda,positive,1.0,received,emotion,ideologia
t5,derecha,love,1.0,received,emotion,ideologia
cardiff,izquierda,not hate,0.8079573551674822,promoted,hate,ideologia
cardiff,izquierda,hate,0.7536202453904681,promoted,hate,ideologia
cardiff,derecha,not hate,0.8046553829634512,promoted,hate,ideologia
cardiff,derecha,hate,0.7503341392234519,promoted,hate,ideologia
cardiff,izquierda,hate,0.7494593793695623,received,hate,ideologia
cardiff,izquierda,not hate,0.7989892900757524,received,hate,ideologia
cardiff,derecha,not hate,0.8045127724929881,received,hate,ideologia
cardiff,derecha,hate,0.7254057141370648,received,hate,ideologia
beto,izquierda,not hate,0.610009105966009,promoted,hate,ideologia
beto,derecha,not hate,0.5932821066659174,promoted,hate,ideologia
beto,derecha,offensive,0.38250522315502167,promoted,hate,ideologia
beto,izquierda,hate,0.41695296168327334,promoted,hate,ideologia
beto,derecha,hate,0.4074542969465256,promoted,hate,ideologia
beto,izquierda,offensive,0.37683266401290894,promoted,hate,ideologia
beto,izquierda,not hate,0.6057438762015717,received,hate,ideologia
beto,derecha,not hate,0.5897451340698578,received,hate,ideologia
beto,derecha,hate,0.4091725339812617,received,hate,ideologia
beto,izquierda,offensive,0.3941805577940411,received,hate,ideologia
beto,izquierda,hate,0.4103330643404098,received,hate,ideologia
beto,derecha,offensive,0.4075720595276874,received,hate,ideologia
cardiff,izquierda,optimism,0.06695085973706733,promoted_vs_received,emotion,
cardiff,izquierda,anger,0.01867641455700003,promoted_vs_received,emotion,
cardiff,izquierda,joy,-0.07531642150500459,promoted_vs_received,emotion,
cardiff,izquierda,sadness,-0.013424539545969422,promoted_vs_received,emotion,
cardiff,derecha,optimism,0.04363226250543534,promoted_vs_received,emotion,
cardiff,derecha,joy,-0.027051691595778526,promoted_vs_received,emotion,
cardiff,derecha,anger,-0.007177284938392869,promoted_vs_received,emotion,
cardiff,derecha,sadness,-0.015166160537651657,promoted_vs_received,emotion,
t5,izquierda,joy,0.0,promoted_vs_received,emotion,
t5,izquierda,anger,0.0,promoted_vs_received,emotion,
t5,izquierda,fear,0.0,promoted_vs_received,emotion,
t5,derecha,joy,0.0,promoted_vs_received,emotion,
t5,derecha,anger,0.0,promoted_vs_received,emotion,
t5,derecha,sadness,0.0,promoted_vs_received,emotion,
t5,derecha,fear,0.0,promoted_vs_received,emotion,
t5,izquierda,sadness,0.0,promoted_vs_received,emotion,
t5,izquierda,True,0.0,promoted_vs_received,emotion,
t5,izquierda,love,0.0,promoted_vs_received,emotion,
cardiff,izquierda,neutral,0.013009062777608604,promoted_vs_received,sentiment,
cardiff,derecha,neutral,0.003460811007284903,promoted_vs_received,sentiment,
cardiff,izquierda,positive,-0.12420619703256164,promoted_vs_received,sentiment,
cardiff,derecha,positive,-0.01641465730208702,promoted_vs_received,sentiment,
cardiff,derecha,negative,-0.05490539880359879,promoted_vs_received,sentiment,
cardiff,izquierda,negative,0.08134191769819998,promoted_vs_received,sentiment,
stanza,izquierda,neutral,0.0,promoted_vs_received,sentiment,
stanza,izquierda,negative,0.0,promoted_vs_received,sentiment,
stanza,izquierda,positive,0.0,promoted_vs_received,sentiment,
stanza,derecha,neutral,0.0,promoted_vs_received,sentiment,
stanza,derecha,negative,0.0,promoted_vs_received,sentiment,
stanza,derecha,positive,0.0,promoted_vs_received,sentiment,
beto,izquierda,neutral,-0.0206784121558532,promoted_vs_received,sentiment,
beto,izquierda,positive,-0.029529553410495346,promoted_vs_received,sentiment,
beto,izquierda,negative,-0.024405259727059536,promoted_vs_received,sentiment,
beto,derecha,negative,-0.017847208190019725,promoted_vs_received,sentiment,
beto,derecha,neutral,-0.011332957905453744,promoted_vs_received,sentiment,
beto,derecha,positive,-0.037925729021668464,promoted_vs_received,sentiment,
cardiff,izquierda,not hate,0.008968065091729871,promoted_vs_received,hate,
cardiff,izquierda,hate,0.004160866020905818,promoted_vs_received,hate,
cardiff,derecha,not hate,0.00014261047046304487,promoted_vs_received,hate,
cardiff,derecha,hate,0.02492842508638715,promoted_vs_received,hate,
beto,izquierda,not hate,0.004265229764437328,promoted_vs_received,hate,
beto,derecha,not hate,0.003536972596059562,promoted_vs_received,hate,
beto,derecha,offensive,-0.025066836372665713,promoted_vs_received,hate,
beto,izquierda,hate,0.006619897342863557,promoted_vs_received,hate,
beto,derecha,hate,-0.0017182370347361142,promoted_vs_received,hate,
beto,izquierda,offensive,-0.017347893781132162,promoted_vs_received,hate,
